<?xml version="1.0" encoding="UTF-8"?>
<!DOCTYPE mapper PUBLIC "-//mybatis.org//DTD Mapper 3.0//EN" "http://mybatis.org/dtd/mybatis-3-mapper.dtd">
<mapper namespace="com.hengaiw.model.dao.mapper.HaAdminMapper">
  <resultMap id="BaseResultMap" type="com.hengaiw.model.dao.model.HaAdmin">
    <id column="admin_id" jdbcType="INTEGER" property="admin_id" />
    <result column="admin_name" jdbcType="VARCHAR" property="admin_name" />
    <result column="admin_password" jdbcType="VARCHAR" property="admin_password" />
    <result column="admin_login_time" jdbcType="INTEGER" property="admin_login_time" />
    <result column="admin_login_num" jdbcType="INTEGER" property="admin_login_num" />
    <result column="admin_is_super" jdbcType="BIT" property="admin_is_super" />
    <result column="admin_gid" jdbcType="SMALLINT" property="admin_gid" />
  </resultMap>
  <sql id="Example_Where_Clause">
    <where>
      <foreach collection="oredCriteria" item="criteria" separator="or">
        <if test="criteria.valid">
          <trim prefix="(" prefixOverrides="and" suffix=")">
            <foreach collection="criteria.criteria" item="criterion">
              <choose>
                <when test="criterion.noValue">
                  and ${criterion.condition}
                </when>
                <when test="criterion.singleValue">
                  and ${criterion.condition} #{criterion.value}
                </when>
                <when test="criterion.betweenValue">
                  and ${criterion.condition} #{criterion.value} and #{criterion.secondValue}
                </when>
                <when test="criterion.listValue">
                  and ${criterion.condition}
                  <foreach close=")" collection="criterion.value" item="listItem" open="(" separator=",">
                    #{listItem}
                  </foreach>
                </when>
              </choose>
            </foreach>
          </trim>
        </if>
      </foreach>
    </where>
  </sql>
  <sql id="Update_By_Example_Where_Clause">
    <where>
      <foreach collection="example.oredCriteria" item="criteria" separator="or">
        <if test="criteria.valid">
          <trim prefix="(" prefixOverrides="and" suffix=")">
            <foreach collection="criteria.criteria" item="criterion">
              <choose>
                <when test="criterion.noValue">
                  and ${criterion.condition}
                </when>
                <when test="criterion.singleValue">
                  and ${criterion.condition} #{criterion.value}
                </when>
                <when test="criterion.betweenValue">
                  and ${criterion.condition} #{criterion.value} and #{criterion.secondValue}
                </when>
                <when test="criterion.listValue">
                  and ${criterion.condition}
                  <foreach close=")" collection="criterion.value" item="listItem" open="(" separator=",">
                    #{listItem}
                  </foreach>
                </when>
              </choose>
            </foreach>
          </trim>
        </if>
      </foreach>
    </where>
  </sql>
  <sql id="Base_Column_List">
    admin_id, admin_name, admin_password, admin_login_time, admin_login_num, admin_is_super, 
    admin_gid
  </sql>
  <select id="selectByExample" parameterType="com.hengaiw.model.dao.model.HaAdminExample" resultMap="BaseResultMap">
    select
    <if test="distinct">
      distinct
    </if>
    <include refid="Base_Column_List" />
    from ha_admin
    <if test="_parameter != null">
      <include refid="Example_Where_Clause" />
    </if>
    <if test="orderByClause != null">
      order by ${orderByClause}
    </if>
    <if test="limit != null">
      <if test="offset != null">
        limit ${offset}, ${limit}
      </if>
      <if test="offset == null">
        limit ${limit}
      </if>
    </if>
  </select>
  <select id="selectByPrimaryKey" parameterType="java.lang.Integer" resultMap="BaseResultMap">
    select 
    <include refid="Base_Column_List" />
    from ha_admin
    where admin_id = #{admin_id,jdbcType=INTEGER}
  </select>
  <delete id="deleteByPrimaryKey" parameterType="java.lang.Integer">
    delete from ha_admin
    where admin_id = #{admin_id,jdbcType=INTEGER}
  </delete>
  <delete id="deleteByExample" parameterType="com.hengaiw.model.dao.model.HaAdminExample">
    delete from ha_admin
    <if test="_parameter != null">
      <include refid="Example_Where_Clause" />
    </if>
  </delete>
  <insert id="insert" parameterType="com.hengaiw.model.dao.model.HaAdmin">
    <selectKey keyProperty="admin_id" order="AFTER" resultType="java.lang.Integer">
      SELECT LAST_INSERT_ID()
    </selectKey>
    insert into ha_admin (admin_name, admin_password, admin_login_time, 
      admin_login_num, admin_is_super, admin_gid
      )
    values (#{admin_name,jdbcType=VARCHAR}, #{admin_password,jdbcType=VARCHAR}, #{admin_login_time,jdbcType=INTEGER}, 
      #{admin_login_num,jdbcType=INTEGER}, #{admin_is_super,jdbcType=BIT}, #{admin_gid,jdbcType=SMALLINT}
      )
  </insert>
  <insert id="insertSelective" parameterType="com.hengaiw.model.dao.model.HaAdmin">
    <selectKey keyProperty="admin_id" order="AFTER" resultType="java.lang.Integer">
      SELECT LAST_INSERT_ID()
    </selectKey>
    insert into ha_admin
    <trim prefix="(" suffix=")" suffixOverrides=",">
      <if test="admin_name != null">
        admin_name,
      </if>
      <if test="admin_password != null">
        admin_password,
      </if>
      <if test="admin_login_time != null">
        admin_login_time,
      </if>
      <if test="admin_login_num != null">
        admin_login_num,
      </if>
      <if test="admin_is_super != null">
        admin_is_super,
      </if>
      <if test="admin_gid != null">
        admin_gid,
      </if>
    </trim>
    <trim prefix="values (" suffix=")" suffixOverrides=",">
      <if test="admin_name != null">
        #{admin_name,jdbcType=VARCHAR},
      </if>
      <if test="admin_password != null">
        #{admin_password,jdbcType=VARCHAR},
      </if>
      <if test="admin_login_time != null">
        #{admin_login_time,jdbcType=INTEGER},
      </if>
      <if test="admin_login_num != null">
        #{admin_login_num,jdbcType=INTEGER},
      </if>
      <if test="admin_is_super != null">
        #{admin_is_super,jdbcType=BIT},
      </if>
      <if test="admin_gid != null">
        #{admin_gid,jdbcType=SMALLINT},
      </if>
    </trim>
  </insert>
  <select id="countByExample" parameterType="com.hengaiw.model.dao.model.HaAdminExample" resultType="java.lang.Long">
    select count(*) from ha_admin
    <if test="_parameter != null">
      <include refid="Example_Where_Clause" />
    </if>
  </select>
  <update id="updateByExampleSelective" parameterType="map">
    update ha_admin
    <set>
      <if test="record.admin_id != null">
        admin_id = #{record.admin_id,jdbcType=INTEGER},
      </if>
      <if test="record.admin_name != null">
        admin_name = #{record.admin_name,jdbcType=VARCHAR},
      </if>
      <if test="record.admin_password != null">
        admin_password = #{record.admin_password,jdbcType=VARCHAR},
      </if>
      <if test="record.admin_login_time != null">
        admin_login_time = #{record.admin_login_time,jdbcType=INTEGER},
      </if>
      <if test="record.admin_login_num != null">
        admin_login_num = #{record.admin_login_num,jdbcType=INTEGER},
      </if>
      <if test="record.admin_is_super != null">
        admin_is_super = #{record.admin_is_super,jdbcType=BIT},
      </if>
      <if test="record.admin_gid != null">
        admin_gid = #{record.admin_gid,jdbcType=SMALLINT},
      </if>
    </set>
    <if test="_parameter != null">
      <include refid="Update_By_Example_Where_Clause" />
    </if>
  </update>
  <update id="updateByExample" parameterType="map">
    update ha_admin
    set admin_id = #{record.admin_id,jdbcType=INTEGER},
      admin_name = #{record.admin_name,jdbcType=VARCHAR},
      admin_password = #{record.admin_password,jdbcType=VARCHAR},
      admin_login_time = #{record.admin_login_time,jdbcType=INTEGER},
      admin_login_num = #{record.admin_login_num,jdbcType=INTEGER},
      admin_is_super = #{record.admin_is_super,jdbcType=BIT},
      admin_gid = #{record.admin_gid,jdbcType=SMALLINT}
    <if test="_parameter != null">
      <include refid="Update_By_Example_Where_Clause" />
    </if>
  </update>
  <update id="updateByPrimaryKeySelective" parameterType="com.hengaiw.model.dao.model.HaAdmin">
    update ha_admin
    <set>
      <if test="admin_name != null">
        admin_name = #{admin_name,jdbcType=VARCHAR},
      </if>
      <if test="admin_password != null">
        admin_password = #{admin_password,jdbcType=VARCHAR},
      </if>
      <if test="admin_login_time != null">
        admin_login_time = #{admin_login_time,jdbcType=INTEGER},
      </if>
      <if test="admin_login_num != null">
        admin_login_num = #{admin_login_num,jdbcType=INTEGER},
      </if>
      <if test="admin_is_super != null">
        admin_is_super = #{admin_is_super,jdbcType=BIT},
      </if>
      <if test="admin_gid != null">
        admin_gid = #{admin_gid,jdbcType=SMALLINT},
      </if>
    </set>
    where admin_id = #{admin_id,jdbcType=INTEGER}
  </update>
  <update id="updateByPrimaryKey" parameterType="com.hengaiw.model.dao.model.HaAdmin">
    update ha_admin
    set admin_name = #{admin_name,jdbcType=VARCHAR},
      admin_password = #{admin_password,jdbcType=VARCHAR},
      admin_login_time = #{admin_login_time,jdbcType=INTEGER},
      admin_login_num = #{admin_login_num,jdbcType=INTEGER},
      admin_is_super = #{admin_is_super,jdbcType=BIT},
      admin_gid = #{admin_gid,jdbcType=SMALLINT}
    where admin_id = #{admin_id,jdbcType=INTEGER}
  </update>
</mapper>