<?xml version="1.0" encoding="UTF-8"?>
<!DOCTYPE mapper PUBLIC "-//mybatis.org//DTD Mapper 3.0//EN" "http://mybatis.org/dtd/mybatis-3-mapper.dtd">
<mapper namespace="com.hengaiw.model.dao.mapper.HaLockMapper">
  <resultMap id="BaseResultMap" type="com.hengaiw.model.dao.model.HaLock">
    <result column="pid" jdbcType="BIGINT" property="pid" />
    <result column="pvalue" jdbcType="TINYINT" property="pvalue" />
    <result column="expiretime" jdbcType="INTEGER" property="expiretime" />
  </resultMap>
  <sql id="Example_Where_Clause">
    <where>
      <foreach collection="oredCriteria" item="criteria" separator="or">
        <if test="criteria.valid">
          <trim prefix="(" prefixOverrides="and" suffix=")">
            <foreach collection="criteria.criteria" item="criterion">
              <choose>
                <when test="criterion.noValue">
                  and ${criterion.condition}
                </when>
                <when test="criterion.singleValue">
                  and ${criterion.condition} #{criterion.value}
                </when>
                <when test="criterion.betweenValue">
                  and ${criterion.condition} #{criterion.value} and #{criterion.secondValue}
                </when>
                <when test="criterion.listValue">
                  and ${criterion.condition}
                  <foreach close=")" collection="criterion.value" item="listItem" open="(" separator=",">
                    #{listItem}
                  </foreach>
                </when>
              </choose>
            </foreach>
          </trim>
        </if>
      </foreach>
    </where>
  </sql>
  <sql id="Update_By_Example_Where_Clause">
    <where>
      <foreach collection="example.oredCriteria" item="criteria" separator="or">
        <if test="criteria.valid">
          <trim prefix="(" prefixOverrides="and" suffix=")">
            <foreach collection="criteria.criteria" item="criterion">
              <choose>
                <when test="criterion.noValue">
                  and ${criterion.condition}
                </when>
                <when test="criterion.singleValue">
                  and ${criterion.condition} #{criterion.value}
                </when>
                <when test="criterion.betweenValue">
                  and ${criterion.condition} #{criterion.value} and #{criterion.secondValue}
                </when>
                <when test="criterion.listValue">
                  and ${criterion.condition}
                  <foreach close=")" collection="criterion.value" item="listItem" open="(" separator=",">
                    #{listItem}
                  </foreach>
                </when>
              </choose>
            </foreach>
          </trim>
        </if>
      </foreach>
    </where>
  </sql>
  <sql id="Base_Column_List">
    pid, pvalue, expiretime
  </sql>
  <select id="selectByExample" parameterType="com.hengaiw.model.dao.model.HaLockExample" resultMap="BaseResultMap">
    select
    <if test="distinct">
      distinct
    </if>
    <include refid="Base_Column_List" />
    from ha_lock
    <if test="_parameter != null">
      <include refid="Example_Where_Clause" />
    </if>
    <if test="orderByClause != null">
      order by ${orderByClause}
    </if>
    <if test="limit != null">
      <if test="offset != null">
        limit ${offset}, ${limit}
      </if>
      <if test="offset == null">
        limit ${limit}
      </if>
    </if>
  </select>
  <delete id="deleteByExample" parameterType="com.hengaiw.model.dao.model.HaLockExample">
    delete from ha_lock
    <if test="_parameter != null">
      <include refid="Example_Where_Clause" />
    </if>
  </delete>
  <insert id="insert" parameterType="com.hengaiw.model.dao.model.HaLock">
    <selectKey keyProperty="pid" order="AFTER" resultType="java.lang.Long">
      SELECT LAST_INSERT_ID()
    </selectKey>
    insert into ha_lock (pvalue, expiretime)
    values (#{pvalue,jdbcType=TINYINT}, #{expiretime,jdbcType=INTEGER})
  </insert>
  <insert id="insertSelective" parameterType="com.hengaiw.model.dao.model.HaLock">
    <selectKey keyProperty="pid" order="AFTER" resultType="java.lang.Long">
      SELECT LAST_INSERT_ID()
    </selectKey>
    insert into ha_lock
    <trim prefix="(" suffix=")" suffixOverrides=",">
      <if test="pvalue != null">
        pvalue,
      </if>
      <if test="expiretime != null">
        expiretime,
      </if>
    </trim>
    <trim prefix="values (" suffix=")" suffixOverrides=",">
      <if test="pvalue != null">
        #{pvalue,jdbcType=TINYINT},
      </if>
      <if test="expiretime != null">
        #{expiretime,jdbcType=INTEGER},
      </if>
    </trim>
  </insert>
  <select id="countByExample" parameterType="com.hengaiw.model.dao.model.HaLockExample" resultType="java.lang.Long">
    select count(*) from ha_lock
    <if test="_parameter != null">
      <include refid="Example_Where_Clause" />
    </if>
  </select>
  <update id="updateByExampleSelective" parameterType="map">
    update ha_lock
    <set>
      <if test="record.pid != null">
        pid = #{record.pid,jdbcType=BIGINT},
      </if>
      <if test="record.pvalue != null">
        pvalue = #{record.pvalue,jdbcType=TINYINT},
      </if>
      <if test="record.expiretime != null">
        expiretime = #{record.expiretime,jdbcType=INTEGER},
      </if>
    </set>
    <if test="_parameter != null">
      <include refid="Update_By_Example_Where_Clause" />
    </if>
  </update>
  <update id="updateByExample" parameterType="map">
    update ha_lock
    set pid = #{record.pid,jdbcType=BIGINT},
      pvalue = #{record.pvalue,jdbcType=TINYINT},
      expiretime = #{record.expiretime,jdbcType=INTEGER}
    <if test="_parameter != null">
      <include refid="Update_By_Example_Where_Clause" />
    </if>
  </update>
</mapper>